#CHROM	POS	ID	REF	REFLEN	ALT	ALTLEN	QUAL
chr02	29628246	.	T	1	TGTGTGCTATAGGATGGAATGGA	23	1245.3
chr02	29734586	.	T	1	TGCCTCTTCTCTGTGTAGCGC	21	983.7
chr02	29891678	.	T	1	TCATGCATGTGTTGTAACGGT	21	2134.8
chr02	30015954	.	A	1	AGACTGCCCGTGACTTTCTGC	21	876.5
chr02	30202982	.	C	1	CCTGCAGGGCCTAATGATCTC	21	1567.2
chr02	30458042	.	A	1	ACTCAAGGTGGATATATAGCGAAG	24	734.9
chr02	30635895	.	C	1	CCGACTGTGTGGAGCTTAGAC	21	1123.4
chr02	30732909	.	G	1	GCTACGTCCAACCATCACCTG	21	892.1
chr02	30934411	.	A	1	AGCGGCGCGTTTATTTATGCA	21	3456.7
chr02	31095852	.	A	1	AGCCACATGATTGCCGTACAC	21	654.3
